hubspot_id,full_name,email,company,title,linkedin_url,current_company,current_title,location,years_experience,industry,past_companies,past_titles,skills_raw,skills_canonical,skills_alias_hits,note_raw,note_tags,flagged_on_site,unverified,conference_name,conference_domain,conference_date,source,first_seen_at,last_refreshed_at,ats_status,pool_status
HS001,James Thornton,james.thornton@sportsvision.io,SportsVision,ML Engineer,linkedin.com/in/james-thornton-ml,SportsVision,ML Engineer,London UK,5,Sports Technology,Opta Sports;freelance,ML Engineer at Opta Sports (2019-2022);Data Science Intern at Sky Sports (2018-2019),Python;PyTorch;Computer Vision;TensorFlow;Sports Analytics,Python;PyTorch;Computer Vision;TensorFlow;Sports Analytics,,,,False,False,SportsTech Innovation Summit,Sports Technology & Analytics,2024-11-14,Conference - Badge Scan,2024-11-14,2024-11-14,,active
HS002,Priya Anand,priya.anand@vidstream.com,VidStream,Senior Computer Vision Engineer,linkedin.com/in/priya-anand-cv,VidStream,Senior Computer Vision Engineer,Tel Aviv IL,7,Video Technology,Mobileye;Intel,Computer Vision Engineer at Mobileye (2019-2021);CV Research Intern at Intel (2017-2018),Python;OpenCV;YOLO;Real-time Processing;AWS;Deep Learning,Python;Computer Vision;Object Detection;Real-time processing;AWS;Deep Learning,OpenCV -> Computer Vision;YOLO -> Object Detection,Spoke about real-time tracking project,real;time;tracking;project,True,False,SportsTech Innovation Summit,Sports Technology & Analytics,2024-11-14,Conference - Badge Scan,2024-11-14,2024-11-14,,active
HS003,Carlos Mendez,c.mendez@healthdata.net,HealthData Inc,Data Scientist,linkedin.com/in/carlos-mendez-ds,HealthData Inc,Data Scientist,Madrid ES,4,Healthcare,Hospital group;freelance,Junior Data Analyst at Hospital Group (2021-2022);Research Assistant at UAM (2019-2021),Python;Scikit-learn;SQL;Tableau;Healthcare Analytics,Python;Scikit-learn;SQL;Tableau;Healthcare Analytics,,,,False,False,SportsTech Innovation Summit,Sports Technology & Analytics,2024-11-14,Conference - Badge Scan,2024-11-14,2024-11-14,,active
HS004,Emily Carter,emily.carter@broadcastai.com,BroadcastAI,Video AI Engineer,linkedin.com/in/emily-carter-video,BroadcastAI,Video AI Engineer,London UK,8,Broadcast Media,BBC R&D;Ericsson,Senior Research Engineer at BBC R&D (2019-2022);Video Systems Engineer at Ericsson (2016-2019),Python;Computer Vision;FFmpeg;Video Encoding;AWS;Docker,Python;Computer Vision;FFmpeg;FFmpeg;AWS;Docker,Video Encoding -> FFmpeg,Very strong background in broadcast,strong;background;broadcast,True,False,SportsTech Innovation Summit,Sports Technology & Analytics,2024-11-14,Conference - Badge Scan,2024-11-14,2024-11-14,,active
HS005,Tom Nguyen,tom.nguyen@financeflow.com,FinanceFlow,Senior Software Engineer,linkedin.com/in/tom-nguyen-fin,FinanceFlow,Senior Software Engineer,Singapore SG,6,Financial Services,DBS Bank;Grab,Backend Engineer at DBS Bank (2021-2023);Software Engineer at Grab (2018-2021),Java;Spring Boot;Microservices;Kafka;SQL,Java;Spring Boot;Microservices;Kafka;SQL,,,,False,False,SportsTech Innovation Summit,Sports Technology & Analytics,2024-11-14,Conference - Badge Scan,2024-11-14,2024-11-14,,active
HS006,Amir Hassan,amir.hassan@sportstats.io,SportStats,Sports Data Engineer,linkedin.com/in/amir-hassan-sports,SportStats,Sports Data Engineer,Amsterdam NL,5,Sports Technology,FIFA;Genius Sports,Data Engineer at FIFA (2021-2022);Data Analyst at Genius Sports (2019-2021),Python;Spark;dbt;SQL;Airflow;Sports Data,Python;Spark;dbt;SQL;Airflow;Sports domain knowledge,Sports Data -> Sports domain knowledge,Mentioned interest in video tech,interest;video;tech,True,False,SportsTech Innovation Summit,Sports Technology & Analytics,2024-11-14,Conference - Badge Scan,2024-11-14,2024-11-14,,active
HS007,Rachel Kim,r.kim@mediapipe.co,MediaPipe Co,Backend Engineer,linkedin.com/in/rachel-kim-be,MediaPipe Co,Backend Engineer,Seoul KR,4,Media Technology,Naver;Kakao,Software Engineer at Naver (2021-2023);Junior Developer at Kakao (2019-2021),Go;Python;REST APIs;Kafka;Docker,Go;Python;REST APIs;Kafka;Docker,,,,False,False,SportsTech Innovation Summit,Sports Technology & Analytics,2024-11-14,Conference - Badge Scan,2024-11-14,2024-11-14,,active
HS008,Daniel Brown,d.brown@realestatex.com,RealEstateX,Product Manager,linkedin.com/in/daniel-brown-pm,RealEstateX,Product Manager,Austin TX,6,Real Estate,Zillow;startup,Associate PM at Zillow (2020-2022);Product Analyst at startup (2018-2020),Product Management;Agile;Roadmapping;B2C,Product Management;Agile;Product Management;B2C,Roadmapping -> Product Management,,,False,False,SportsTech Innovation Summit,Sports Technology & Analytics,2024-11-14,Conference - Badge Scan,2024-11-14,2024-11-14,,active
HS009,Sophie Martin,sophie.martin@ottplatform.com,StreamOTT,Senior Platform Engineer,linkedin.com/in/sophie-martin-ott,StreamOTT,Senior Platform Engineer,Paris FR,7,OTT Streaming,Canal+;Akamai,Platform Engineer at Akamai (2019-2022);Backend Engineer at Canal+ (2016-2019),Python;Go;Kubernetes;AWS;Live Streaming;CDN;Sports,Python;Go;Kubernetes;AWS;Video streaming;CDN;Sports domain knowledge,Live Streaming -> Video streaming;Sports -> Sports domain knowledge,Works on live sports streaming pipeline,works;live;sports;Sports domain knowledge;streaming;pipeline,True,False,SportsTech Innovation Summit,Sports Technology & Analytics,2024-11-14,Conference - Badge Scan,2024-11-14,2024-11-14,,active
HS010,Ben Walker,ben.walker@retailtech.com,RetailTech,Software Engineer,linkedin.com/in/ben-walker-retail,RetailTech,Software Engineer,Chicago IL,3,Retail Technology,Target;startup,Junior Developer at Target Corp (2022-2023);Intern at startup (2021-2022),JavaScript;Node.js;React;SQL,JavaScript;Node.js;React;SQL,,,,False,False,SportsTech Innovation Summit,Sports Technology & Analytics,2024-11-14,Conference - Badge Scan,2024-11-14,2024-11-14,,active
HS011,Yuki Tanaka,yuki.tanaka@nba.com,NBA,Data Engineer,linkedin.com/in/yuki-tanaka-nba,NBA,Data Engineer,New York US,6,Sports - Professional League,Sportradar;Nielsen Sports,Data Analyst at Nielsen Sports (2020-2022);Junior Data Engineer at Sportradar (2018-2020),Python;Spark;dbt;Airflow;SQL;Sports Analytics;AWS,Python;Spark;dbt;Airflow;SQL;Sports Analytics;AWS,,Team at NBA working on player tracking,nba;working;player;tracking,True,False,SportsTech Innovation Summit,Sports Technology & Analytics,2024-11-14,Conference - Badge Scan,2024-11-14,2024-11-14,,active
HS012,Laura Gibson,l.gibson@hospitalgroup.org,City Hospital Group,IT Manager,linkedin.com/in/laura-gibson-health,City Hospital Group,IT Manager,Manchester UK,10,Healthcare,NHS;private clinic,IT Operations Lead at NHS Digital (2017-2021);Systems Administrator at private clinic (2013-2017),IT Management;ITIL;Network;Healthcare IT,IT Management;ITIL;Network;Healthcare IT,,,,False,False,SportsTech Innovation Summit,Sports Technology & Analytics,2024-11-14,Conference - Badge Scan,2024-11-14,2024-11-14,,active
HS013,Marcus Reid,m.reid@statsperform.com,Stats Perform,ML Research Engineer,linkedin.com/in/marcus-reid-ml,Stats Perform,ML Research Engineer,Chicago US,6,Sports Technology,Opta Sports;university research lab,ML Engineer at Opta Sports (2019-2022);Research Intern at Northwestern CV Lab (2018-2019),Python;PyTorch;Deep Learning;Event Detection;Sports CV;Research,Python;PyTorch;Deep Learning;Object Detection;Computer Vision;Research,Event Detection -> Object Detection;Sports CV -> Computer Vision,Published papers on sports event detection,papers;sports;Sports domain knowledge;event;detection,True,False,SportsTech Innovation Summit,Sports Technology & Analytics,2024-11-14,Conference - Badge Scan,2024-11-14,2024-11-14,,active
HS014,Anna Petrov,anna.petrov@govtech.gov,GovTech Agency,Software Developer,linkedin.com/in/anna-petrov-gov,GovTech Agency,Software Developer,Warsaw PL,3,Government Technology,public sector,Junior Developer at Polish Ministry of Finance (2022-2023);IT Intern at public sector (2021-2022),Java;Spring;SQL;Government Systems,Java;Spring;SQL;Government Systems,,,,False,False,SportsTech Innovation Summit,Sports Technology & Analytics,2024-11-14,Conference - Badge Scan,2024-11-14,2024-11-14,,active
HS015,Chris Lee,c.lee@sportradar.com,Sportradar,Senior Backend Engineer,linkedin.com/in/chris-lee-sportradar,Sportradar,Senior Backend Engineer,Vienna AT,8,Sports Technology,Betgenius;startup,Backend Engineer at Sportradar (2016-2020 then rejoined 2022);Software Engineer at Betgenius (2014-2016),Python;Go;Kafka;Microservices;REST APIs;Sports Data Feeds,Python;Go;Kafka;Microservices;REST APIs;Sports domain knowledge,Sports Data Feeds -> Sports domain knowledge,5 yrs at Sportradar on data feeds,sportradar;data;feeds,True,False,SportsTech Innovation Summit,Sports Technology & Analytics,2024-11-14,Conference - Badge Scan,2024-11-14,2024-11-14,,active
HS016,Jennifer Adams,j.adams@insurancetech.com,InsureTech,Data Analyst,linkedin.com/in/jennifer-adams-ins,InsureTech,Data Analyst,Dallas TX,4,Insurance,Allstate;startup,Junior Analyst at Allstate (2021-2023);Reporting Intern at startup (2019-2021),Excel;SQL;Tableau;Insurance Analytics,Excel;SQL;Tableau;Insurance Analytics,,,,False,False,SportsTech Innovation Summit,Sports Technology & Analytics,2024-11-14,Conference - Badge Scan,2024-11-14,2024-11-14,,active
HS017,Ryan Patel,ryan.patel@dazn.com,DAZN,Senior Data Engineer,linkedin.com/in/ryan-patel-dazn,DAZN,Senior Data Engineer,London UK,7,Sports Streaming,BT Sport;Sky,Data Engineer at BT Sport (2019-2021);Data Analyst at Sky (2017-2019),Python;Spark;Kafka;dbt;Airflow;AWS;Real-time Sports Data,Python;Spark;Kafka;dbt;Airflow;AWS;Real-time processing,Real-time Sports Data -> Real-time processing,Works on real-time sports data ingestion at DAZN,works;real;time;sports;Sports domain knowledge;data;ingestion;dazn,True,False,SportsTech Innovation Summit,Sports Technology & Analytics,2024-11-14,Conference - Badge Scan,2024-11-14,2024-11-14,,active
HS018,Olivia Scott,o.scott@marketingco.com,MarketingCo,Digital Marketing Manager,linkedin.com/in/olivia-scott-mktg,MarketingCo,Digital Marketing Manager,Toronto CA,5,Marketing,agency;startup,Senior Marketing Exec at agency (2021-2023);Content Manager at startup (2019-2021),SEO;Google Ads;HubSpot;Content Marketing;Social Media,SEO;Google Ads;HubSpot;Content Marketing;Social Media,,,,False,False,SportsTech Innovation Summit,Sports Technology & Analytics,2024-11-14,Conference - Badge Scan,2024-11-14,2024-11-14,,active
HS019,Nathan Brooks,n.brooks@secondspectrum.com,Second Spectrum,Computer Vision Engineer,linkedin.com/in/nathan-brooks-cv,Second Spectrum,Computer Vision Engineer,Los Angeles US,5,Sports Technology,university;startup,CV Research Engineer at USC (2021-2022);CV Intern at startup (2019-2021),Python;PyTorch;Computer Vision;Pose Estimation;Sports Tracking,Python;PyTorch;Computer Vision;Computer Vision;Sports domain knowledge,Pose Estimation -> Computer Vision;Sports Tracking -> Sports domain knowledge,Tracking algorithms for NBA/EPL,tracking;algorithms;nba;epl,True,False,SportsTech Innovation Summit,Sports Technology & Analytics,2024-11-14,Conference - Badge Scan,2024-11-14,2024-11-14,,active
HS020,Zoe Wright,zoe.wright@legaltech.io,LegalTech,Software Engineer,linkedin.com/in/zoe-wright-legal,LegalTech,Software Engineer,Dublin IE,3,Legal Technology,law firm;startup,Junior Developer at Dublin law firm IT dept (2022-2023);Web Developer at startup (2021-2022),JavaScript;React;Node.js;PostgreSQL,JavaScript;React;Node.js;PostgreSQL,,,,False,False,SportsTech Innovation Summit,Sports Technology & Analytics,2024-11-14,Conference - Badge Scan,2024-11-14,2024-11-14,,active
HS021,Alex Turner,a.turner@olympicchannel.com,Olympic Channel,Product Manager - Data,linkedin.com/in/alex-turner-olym,Olympic Channel,Product Manager - Data,Lausanne CH,8,Sports Media,Eurovision;IOC digital,Senior PM at Eurovision Sport (2019-2022);Product Manager at IOC Digital (2016-2019),Product Management;Sports Broadcasting;Data Products;OTT;APIs;Stakeholder Management,Product Management;Broadcast tech;API Products;OTT platforms;REST APIs;Stakeholder Management,Sports Broadcasting -> Broadcast tech;Data Products -> API Products;OTT -> OTT platforms;APIs -> REST APIs,Building data products for broadcast rights,building;data;products;broadcast;rights,True,False,SportsTech Innovation Summit,Sports Technology & Analytics,2024-11-14,Conference - Badge Scan,2024-11-14,2024-11-14,,active
HS022,Isabella Moore,i.moore@edtech.edu,EduTech,Backend Developer,linkedin.com/in/isabella-moore-edu,EduTech,Backend Developer,Melbourne AU,3,Education Technology,university;startup,Junior Backend Dev at university (2022-2023);Intern at startup (2021-2022),Python;Django;PostgreSQL;AWS,Python;Django;PostgreSQL;AWS,,,,False,False,SportsTech Innovation Summit,Sports Technology & Analytics,2024-11-14,Conference - Badge Scan,2024-11-14,2024-11-14,,active
HS023,Ethan Clark,e.clark@aws.com,Amazon Web Services,Solutions Architect - Media,linkedin.com/in/ethan-clark-aws,Amazon Web Services,Solutions Architect - Media,Seattle US,9,Cloud/Media,ESPN;startup,Solutions Architect at ESPN Technology (2018-2021);Cloud Engineer at startup (2015-2018),AWS;Media Services;Architecture;Sports Clients;Streaming;IaC,AWS;Media Services;Architecture;Sports domain knowledge;Streaming;Terraform,Sports Clients -> Sports domain knowledge;IaC -> Terraform,Focused on sports media clients at AWS,focused;sports;Sports domain knowledge;media;clients;aws,True,False,SportsTech Innovation Summit,Sports Technology & Analytics,2024-11-14,Conference - Badge Scan,2024-11-14,2024-11-14,,active
HS024,Mia Johnson,mia.johnson@foodtech.co,FoodTech,Data Engineer,linkedin.com/in/mia-johnson-food,FoodTech,Data Engineer,Copenhagen DK,4,Food Technology,food startup;retailer,Data Analyst at food startup (2021-2023);BI Analyst at retailer (2019-2021),Python;SQL;dbt;Airflow;Food Supply Chain,Python;SQL;dbt;Airflow;Food Supply Chain,,,,False,False,SportsTech Innovation Summit,Sports Technology & Analytics,2024-11-14,Conference - Badge Scan,2024-11-14,2024-11-14,,active
HS025,Lucas Evans,l.evans@img.com,IMG Media,Senior ML Engineer,linkedin.com/in/lucas-evans-img,IMG Media,Senior ML Engineer,London UK,8,Sports Media,ITV Digital;Oxford Research Lab,ML Engineer at ITV Digital (2019-2022);Research Engineer at Oxford CV Lab (2016-2019),Python;PyTorch;Computer Vision;Video Understanding;Sports Highlights;AWS,Python;PyTorch;Computer Vision;Video Understanding;Sports domain knowledge;AWS,Sports Highlights -> Sports domain knowledge,Computer vision for sports highlights,computer;vision;sports;Sports domain knowledge;highlights,True,False,SportsTech Innovation Summit,Sports Technology & Analytics,2024-11-15,Conference - Badge Scan,2024-11-15,2024-11-15,,active
HS026,Grace Wilson,g.wilson@cybersecurity.io,CyberShield,DevOps Engineer,linkedin.com/in/grace-wilson-cyber,CyberShield,DevOps Engineer,Tel Aviv IL,5,Cybersecurity,IDF tech unit;startup,DevOps Engineer at IDF Intelligence Unit (2020-2022);Junior SRE at startup (2019-2020),Kubernetes;Terraform;CI/CD;AWS;Security,Kubernetes;Terraform;CI/CD;AWS;Security,,,,False,False,SportsTech Innovation Summit,Sports Technology & Analytics,2024-11-15,Conference - Badge Scan,2024-11-15,2024-11-15,,active
HS027,Jack Thomas,j.thomas@performancelab.io,Performance Lab,Sports Science Data Analyst,linkedin.com/in/jack-thomas-sport,Performance Lab,Sports Science Data Analyst,Manchester UK,4,Sports Science,Premier League club;university,Performance Analyst at Premier League club (2021-2023);Research Asst at Manchester Met (2019-2021),Python;R;Sports Science;Wearables;Performance Analytics,Python;R;Sports domain knowledge;Wearables;Performance Analytics,Sports Science -> Sports domain knowledge,Works with professional football clubs,works;professional;football;clubs,True,False,SportsTech Innovation Summit,Sports Technology & Analytics,2024-11-15,Conference - Badge Scan,2024-11-15,2024-11-15,,active
HS028,Chloe Martinez,c.martinez@banking.com,National Bank,Software Engineer,linkedin.com/in/chloe-martinez-bank,National Bank,Software Engineer,Mexico City MX,4,Banking,fintech;startup,Junior Developer at fintech (2021-2023);Intern at startup (2020-2021),Java;Spring Boot;SQL;Banking Systems,Java;Spring Boot;SQL;Banking Systems,,,,False,False,SportsTech Innovation Summit,Sports Technology & Analytics,2024-11-15,Conference - Badge Scan,2024-11-15,2024-11-15,,active
HS029,Noah Anderson,n.anderson@genius-sports.com,Genius Sports,Data Platform Engineer,linkedin.com/in/noah-anderson-gs,Genius Sports,Data Platform Engineer,London UK,6,Sports Technology,Betfair;betting startup,Data Engineer at Betfair (2020-2022);Analytics Engineer at betting startup (2018-2020),Python;Spark;Kafka;Airflow;dbt;Sports Data;AWS,Python;Spark;Kafka;Airflow;dbt;Sports domain knowledge;AWS,Sports Data -> Sports domain knowledge,Betting data & sports integrity pipelines,betting;data;sports;Sports domain knowledge;integrity;pipelines,True,False,SportsTech Innovation Summit,Sports Technology & Analytics,2024-11-15,Conference - Badge Scan,2024-11-15,2024-11-15,,active
HS030,Lily Thompson,l.thompson@pharmatech.com,PharmaTech,Data Scientist,linkedin.com/in/lily-thompson-pharma,PharmaTech,Data Scientist,Basel CH,5,Pharmaceutical,Novartis;university,Data Analyst at Novartis (2021-2023);Research Intern at Basel University (2019-2021),Python;R;Statistics;Clinical Trials;Pharma Analytics,Python;R;Statistics;Clinical Trials;Pharma Analytics,,,,False,False,SportsTech Innovation Summit,Sports Technology & Analytics,2024-11-15,Conference - Badge Scan,2024-11-15,2024-11-15,,active
HS031,Owen Jackson,o.jackson@fox-sports.com,Fox Sports Digital,Backend Engineer,linkedin.com/in/owen-jackson-fox,Fox Sports Digital,Backend Engineer,Los Angeles US,6,Sports Media,Turner Sports;startup,Backend Engineer at Turner Sports (2020-2022);Software Engineer at startup (2018-2020),Python;Go;AWS;Kafka;Live Streaming;CDN;Sports Infrastructure,Python;Go;AWS;Kafka;Video streaming;CDN;Sports domain knowledge,Live Streaming -> Video streaming;Sports Infrastructure -> Sports domain knowledge,Streaming infrastructure for live sports,streaming;infrastructure;live;sports;Sports domain knowledge,True,False,SportsTech Innovation Summit,Sports Technology & Analytics,2024-11-15,Conference - Badge Scan,2024-11-15,2024-11-15,,active
HS032,Aria White,a.white@logistics.co,LogiCo,Software Engineer,linkedin.com/in/aria-white-logi,LogiCo,Software Engineer,Rotterdam NL,3,Logistics,shipping startup;freelance,Junior Developer at shipping startup (2022-2023);Freelance developer (2021-2022),Java;Microservices;SQL;Supply Chain,Java;Microservices;SQL;Supply Chain,,,,False,False,SportsTech Innovation Summit,Sports Technology & Analytics,2024-11-15,Conference - Badge Scan,2024-11-15,2024-11-15,,active
HS033,Liam Harris,l.harris@kinexon.com,KINEXON Sports,Senior Backend Engineer,linkedin.com/in/liam-harris-kinexon,KINEXON Sports,Senior Backend Engineer,Munich DE,7,Sports IoT/Tech,Siemens;startup,Backend Engineer at KINEXON Sports (2018-present);Software Engineer at Siemens (2016-2018),Python;Go;IoT;Real-time Processing;Kafka;WebSockets;Sports,Python;Go;IoT;Real-time processing;Kafka;WebSockets;Sports domain knowledge,Sports -> Sports domain knowledge,Real-time IoT data processing for sports,real;time;iot;data;processing;sports;Sports domain knowledge,True,False,SportsTech Innovation Summit,Sports Technology & Analytics,2024-11-15,Conference - Badge Scan,2024-11-15,2024-11-15,,active
HS034,Emma Lewis,e.lewis@agritech.io,AgriTech,Product Manager,linkedin.com/in/emma-lewis-agri,AgriTech,Product Manager,Cape Town ZA,5,Agriculture Technology,farming startup;NGO,Associate PM at farming startup (2021-2023);Project Manager at NGO (2019-2021),Product Management;Agile;B2B SaaS;Agriculture,Product Management;Agile;B2B SaaS;Agriculture,,,,False,False,SportsTech Innovation Summit,Sports Technology & Analytics,2024-11-15,Conference - Badge Scan,2024-11-15,2024-11-15,,active
HS035,Mason Young,m.young@skysports.com,Sky Sports,ML Engineer,linkedin.com/in/mason-young-sky,Sky Sports,ML Engineer,London UK,5,Sports Broadcasting,ITV Digital;BBC,ML Engineer at Sky Sports (2019-present);Data Science Intern at ITV Digital (2018-2019),Python;TensorFlow;Computer Vision;Highlight Detection;Sports Video,Python;TensorFlow;Computer Vision;Object Detection;Video streaming,Highlight Detection -> Object Detection;Sports Video -> Video streaming,Automated highlight generation at Sky,automated;highlight;generation;sky,True,False,SportsTech Innovation Summit,Sports Technology & Analytics,2024-11-15,Conference - Badge Scan,2024-11-15,2024-11-15,,active
HS036,Charlotte Hall,c.hall@telecom.net,TelecomNet,Network Engineer,linkedin.com/in/charlotte-hall-tel,TelecomNet,Network Engineer,Stockholm SE,6,Telecommunications,Ericsson;Telia,Network Engineer at Ericsson (2020-2022);Junior Network Admin at Telia (2018-2020),Cisco;Network Architecture;5G;VoIP,Cisco;Network Architecture;5G;VoIP,,,,False,False,SportsTech Innovation Summit,Sports Technology & Analytics,2024-11-15,Conference - Badge Scan,2024-11-15,2024-11-15,,active
HS037,Elijah Allen,e.allen@deltatre.com,Deltatre,Senior Product Manager,linkedin.com/in/elijah-allen-deltatre,Deltatre,Senior Product Manager,Milan IT,9,Sports Media Technology,Sky Italia;startup,Product Manager at Deltatre (2019-present);Product Lead at Sky Italia (2016-2019),Product Management;OTT;Sports Digital;B2B SaaS;Broadcast APIs;CMS,Product Management;OTT platforms;Sports domain knowledge;B2B SaaS;API Products;CMS,OTT -> OTT platforms;Sports Digital -> Sports domain knowledge;Broadcast APIs -> API Products,OTT and digital sports products for broadcasters,ott;OTT platforms;digital;sports;Sports domain knowledge;products;broadcasters,True,False,SportsTech Innovation Summit,Sports Technology & Analytics,2024-11-15,Conference - Badge Scan,2024-11-15,2024-11-15,,active
HS038,Amelia King,a.king@pettech.com,PetTech,Data Analyst,linkedin.com/in/amelia-king-pet,PetTech,Data Analyst,Orlando FL,3,Consumer Tech,retail;startup,Junior Analyst at pet retail chain (2022-2023);Intern at startup (2021-2022),Excel;SQL;Python basics;Pet Industry,Excel;SQL;Python;Pet Industry,Python basics -> Python,,,False,False,SportsTech Innovation Summit,Sports Technology & Analytics,2024-11-15,Conference - Badge Scan,2024-11-15,2024-11-15,,active
HS039,Henry Wright,h.wright@warnermedia.com,Warner Media Sports,Data Engineer,linkedin.com/in/henry-wright-wm,Warner Media Sports,Data Engineer,Atlanta US,6,Sports Media,CNN;Turner,Data Engineer at CNN Digital (2020-2022);Analytics Engineer at Turner Broadcasting (2018-2020),Python;Spark;dbt;SQL;Airflow;Sports Broadcasting;AWS,Python;Spark;dbt;SQL;Airflow;Broadcast tech;AWS,Sports Broadcasting -> Broadcast tech,Sports broadcast data pipelines,sports;Sports domain knowledge;broadcast;data;pipelines,True,False,SportsTech Innovation Summit,Sports Technology & Analytics,2024-11-15,Conference - Badge Scan,2024-11-15,2024-11-15,,active
HS040,Scarlett Green,s.green@nfl.com,NFL,Senior Data Engineer,linkedin.com/in/scarlett-green-nfl,NFL,Senior Data Engineer,New York US,8,Professional Sports League,Nielsen Sports;startup,Data Engineer at Nielsen Sports (2019-2022);Analytics Engineer at startup (2016-2019),Python;Spark;dbt;Airflow;AWS;Sports Analytics;Kafka;Real-time,Python;Spark;dbt;Airflow;AWS;Sports Analytics;Kafka;Real-time processing,Real-time -> Real-time processing,Player analytics and game data at NFL,player;analytics;game;data;nfl,True,False,SportsTech Innovation Summit,Sports Technology & Analytics,2024-11-15,Conference - Badge Scan,2024-11-15,2024-11-15,,active
HS041,Viktor Novak,v.novak@databricks.com,Databricks,Senior Data Engineer,linkedin.com/in/viktor-novak-de,Databricks,Senior Data Engineer,Amsterdam NL,7,Data & AI Platforms,Booking.com;startup,Data Engineer at Booking.com (2020-2022);Analytics Engineer at startup (2018-2020),Python;Spark;Delta Lake;dbt;Airflow;AWS;Kafka,Python;Spark;Delta Lake;dbt;Airflow;AWS;Kafka,,Works on Spark optimization and lakehouse,works;spark;optimization;lakehouse,True,False,Data & AI Summit Europe,Data Engineering & AI/ML,2025-03-20,Conference - Badge Scan,2025-03-20,2025-03-20,,active
HS042,Fatima Al-Rashid,f.alrashid@sportinggroup.com,Sporting Analytics Group,Head of Data,linkedin.com/in/fatima-alrashid-data,Sporting Analytics Group,Head of Data,Dubai UAE,9,Sports Analytics,LaLiga Tech;PFA,Senior Data Engineer at LaLiga Tech (2018-2022);Data Analyst at PFA (2016-2018),Python;Spark;SQL;Sports Analytics;Team Management;dbt,Python;Spark;SQL;Sports Analytics;Stakeholder Management;dbt,Team Management -> Stakeholder Management,Runs data team for 3 football clubs,runs;data;football;clubs,True,False,Data & AI Summit Europe,Data Engineering & AI/ML,2025-03-20,Conference - Badge Scan,2025-03-20,2025-03-20,,active
HS043,George Patterson,g.patterson@cloudretail.com,CloudRetail,Data Platform Engineer,linkedin.com/in/george-patterson-cloud,CloudRetail,Data Platform Engineer,Dublin IE,5,Retail Technology,Accenture;startup,Data Analyst at Accenture (2021-2023);BI Developer at startup (2019-2021),Python;dbt;Snowflake;Airflow;SQL,Python;dbt;Snowflake;Airflow;SQL,,,,False,False,Data & AI Summit Europe,Data Engineering & AI/ML,2025-03-20,Conference - Badge Scan,2025-03-20,2025-03-20,,active
HS044,Sara Lindqvist,s.lindqvist@viaplay.com,Viaplay,Senior ML Engineer,linkedin.com/in/sara-lindqvist-ml,Viaplay,Senior ML Engineer,Stockholm SE,8,Sports Streaming,Spotify;KTH Research,ML Engineer at Spotify (2019-2022);Research Engineer at KTH (2017-2019),Python;PyTorch;Recommendation Systems;Streaming;Sports;AWS,Python;PyTorch;Recommendation Systems;Streaming;Sports domain knowledge;AWS,Sports -> Sports domain knowledge,Recommendation engine for sports streaming,recommendation;engine;sports;Sports domain knowledge;streaming,True,False,Data & AI Summit Europe,Data Engineering & AI/ML,2025-03-20,Conference - Badge Scan,2025-03-20,2025-03-20,,active
HS045,Marcus Webb,m.webb@pharma-analytics.com,PharmaAnalytics,Data Engineer,linkedin.com/in/marcus-webb-pharma,PharmaAnalytics,Data Engineer,London UK,4,Pharmaceutical,GSK;startup,Data Engineer at GSK (2021-2023);Analyst at startup (2019-2021),Python;SQL;dbt;Airflow;Healthcare Data,Python;SQL;dbt;Airflow;Healthcare Data,,,,False,False,Data & AI Summit Europe,Data Engineering & AI/ML,2025-03-20,Conference - Badge Scan,2025-03-20,2025-03-20,,active
HS046,Jin Park,j.park@statsperform.com,Stats Perform,Principal Data Scientist,linkedin.com/in/jin-park-stats,Stats Perform,Principal Data Scientist,Chicago US,10,Sports Technology,Opta;Carnegie Mellon University,Senior Data Scientist at Opta (2017-2022);Postdoc at CMU (2015-2017),Python;PyTorch;Causal ML;Event Detection;Football Analytics;Research,Python;PyTorch;Causal ML;Object Detection;Sports Analytics;Research,Event Detection -> Object Detection;Football Analytics -> Sports Analytics,Deep learning models for event prediction in football,deep;learning;models;event;prediction;football,True,False,Data & AI Summit Europe,Data Engineering & AI/ML,2025-03-20,Conference - Badge Scan,2025-03-20,2025-03-20,,active
HS047,Katarzyna Wojcik,k.wojcik@insurance-group.pl,InsuranceGroup PL,Analytics Engineer,linkedin.com/in/katarzyna-wojcik-ins,InsuranceGroup PL,Analytics Engineer,Warsaw PL,4,Insurance,PZU;startup,Analytics Analyst at PZU (2021-2023);BI Intern at startup (2019-2021),SQL;dbt;Python;Tableau;Insurance,SQL;dbt;Python;Tableau;Insurance,,,,False,False,Data & AI Summit Europe,Data Engineering & AI/ML,2025-03-21,Conference - Badge Scan,2025-03-21,2025-03-21,,active
HS048,Bruno Ferreira,b.ferreira@benfica-lab.com,Benfica Lab,Sports Data Scientist,linkedin.com/in/bruno-ferreira-benfica,Benfica Lab,Sports Data Scientist,Lisbon PT,5,Sports Science & Analytics,FC Porto;university,Data Scientist at FC Porto (2021-2022);Research Asst at Univ of Porto (2019-2021),Python;R;Machine Learning;Football Analytics;Computer Vision;Wearables,Python;R;Deep Learning;Sports Analytics;Computer Vision;Wearables,Machine Learning -> Deep Learning;Football Analytics -> Sports Analytics,Player performance modeling at Benfica,player;performance;modeling;benfica,True,False,Data & AI Summit Europe,Data Engineering & AI/ML,2025-03-21,Conference - Badge Scan,2025-03-21,2025-03-21,,active
HS049,Ingrid Svensson,i.svensson@klarna.com,Klarna,Data Engineer,linkedin.com/in/ingrid-svensson-klarna,Klarna,Data Engineer,Stockholm SE,5,Financial Services,H&M Group;startup,Data Engineer at H&M Group (2021-2023);Analyst at startup (2019-2021),Python;Spark;dbt;Kafka;SQL;Fintech Data,Python;Spark;dbt;Kafka;SQL;Fintech Data,,,,False,False,Data & AI Summit Europe,Data Engineering & AI/ML,2025-03-21,Conference - Badge Scan,2025-03-21,2025-03-21,,active
HS050,Tobias Braun,t.braun@aws.com,Amazon Web Services,ML Solutions Architect,linkedin.com/in/tobias-braun-aws,Amazon Web Services,ML Solutions Architect,Berlin DE,8,Cloud/Media,Sky Deutschland;Bertelsmann,Solutions Architect at Sky Deutschland (2019-2022);Senior Engineer at Bertelsmann (2016-2019),AWS;SageMaker;ML Architecture;Sports Media;IaC;Python,AWS;SageMaker;ML Architecture;Sports domain knowledge;Terraform;Python,Sports Media -> Sports domain knowledge;IaC -> Terraform,Sports & media verticals at AWS EMEA,sports;Sports domain knowledge;media;verticals;aws;emea,True,False,Data & AI Summit Europe,Data Engineering & AI/ML,2025-03-21,Conference - Badge Scan,2025-03-21,2025-03-21,,active
HS051,Adaora Okafor,a.okafor@mediasports.ng,MediaSports Africa,Head of Technology,linkedin.com/in/adaora-okafor-tech,MediaSports Africa,Head of Technology,Lagos NG,10,Sports Media,SuperSport;startup,CTO at startup (2020-2022);Senior Engineer at SuperSport (2017-2020),Python;Computer Vision;Video Analytics;Team Leadership;AWS;Sports,Python;Computer Vision;Computer Vision;Team Leadership;AWS;Sports domain knowledge,Video Analytics -> Computer Vision;Sports -> Sports domain knowledge,Building video analytics platform for African leagues,building;video;analytics;platform;african;leagues,True,False,Data & AI Summit Europe,Data Engineering & AI/ML,2025-03-21,Conference - Badge Scan,2025-03-21,2025-03-21,,active
HS052,Pavel Horak,p.horak@govdata.cz,GovData CZ,Data Analyst,linkedin.com/in/pavel-horak-gov,GovData CZ,Data Analyst,Prague CZ,3,Government Technology,Czech Statistics Office;public sector,Analyst at Czech Statistics Office (2022-2023);Intern at public sector (2021-2022),SQL;Excel;Tableau;Government Reporting,SQL;Excel;Tableau;Government Reporting,,,,False,False,Data & AI Summit Europe,Data Engineering & AI/ML,2025-03-21,Conference - Badge Scan,2025-03-21,2025-03-21,,active
HS053,Tom Barker,t.barker@akamai.com,Akamai Technologies,Senior DevOps Engineer,linkedin.com/in/tom-barker-akamai,Akamai Technologies,Senior DevOps Engineer,London UK,8,Cloud/CDN,Fastly;startup,DevOps Engineer at Fastly (2018-2021);Platform Engineer at startup (2016-2018),Kubernetes;Terraform;AWS;CDN;CI/CD;Python;Streaming,Kubernetes;Terraform;AWS;CDN;CI/CD;Python;Streaming,,CDN and streaming infrastructure,cdn;streaming;infrastructure,True,False,DevOps World 2025,DevOps & Platform Engineering,2025-04-10,Conference - Badge Scan,2025-04-10,2025-04-10,,active
HS054,Mei Zhang,m.zhang@cloudnative.io,CloudNative Labs,Platform Engineer,linkedin.com/in/mei-zhang-platform,CloudNative Labs,Platform Engineer,Singapore SG,4,Cloud Technology,Grab;startup,Platform Engineer at Grab (2021-2023);DevOps Intern at startup (2019-2021),Kubernetes;Helm;Terraform;GCP;CI/CD,Kubernetes;Helm;Terraform;GCP;CI/CD,,,,False,False,DevOps World 2025,DevOps & Platform Engineering,2025-04-10,Conference - Badge Scan,2025-04-10,2025-04-10,,active
HS055,Rafa Torres,r.torres@sportradar.com,Sportradar,Site Reliability Engineer,linkedin.com/in/rafa-torres-sre,Sportradar,Site Reliability Engineer,Barcelona ES,6,Sports Technology,LaLiga Tech;startup,SRE at LaLiga Tech (2020-2022);DevOps Engineer at startup (2018-2020),Python;Kubernetes;Terraform;AWS;Monitoring;Sports Data,Python;Kubernetes;Terraform;AWS;Monitoring;Sports domain knowledge,Sports Data -> Sports domain knowledge,Runs SRE for live data ingestion pipelines,runs;sre;live;data;ingestion;pipelines,True,False,DevOps World 2025,DevOps & Platform Engineering,2025-04-10,Conference - Badge Scan,2025-04-10,2025-04-10,,active
HS056,Kim Soo-Jin,k.soojin@samsung.com,Samsung SDS,DevOps Lead,linkedin.com/in/kim-soojin-devops,Samsung SDS,DevOps Lead,Seoul KR,7,Technology,LG CNS;startup,DevOps Engineer at LG CNS (2019-2022);SRE at startup (2017-2019),Kubernetes;Jenkins;AWS;CI/CD;Infrastructure,Kubernetes;Jenkins;AWS;CI/CD;Infrastructure,,,,False,False,DevOps World 2025,DevOps & Platform Engineering,2025-04-10,Conference - Badge Scan,2025-04-10,2025-04-10,,active
HS057,Alexei Volkov,a.volkov@dazn.com,DAZN,Infrastructure Engineer,linkedin.com/in/alexei-volkov-dazn,DAZN,Infrastructure Engineer,London UK,6,Sports Streaming,BT Sport;startup,Platform Engineer at BT Sport (2020-2022);Cloud Engineer at startup (2018-2020),Kubernetes;AWS;Terraform;Live Streaming;CDN;Sports,Kubernetes;AWS;Terraform;Video streaming;CDN;Sports domain knowledge,Live Streaming -> Video streaming;Sports -> Sports domain knowledge,Kubernetes platform for live sports streaming at DAZN,kubernetes;platform;live;sports;Sports domain knowledge;streaming;dazn,True,False,DevOps World 2025,DevOps & Platform Engineering,2025-04-10,Conference - Badge Scan,2025-04-10,2025-04-10,,active
HS058,Nadia Osei,n.osei@healthcloud.com,HealthCloud,Cloud Engineer,linkedin.com/in/nadia-osei-cloud,HealthCloud,Cloud Engineer,Accra GH,3,Healthcare Technology,MTN;startup,Cloud Engineer at MTN (2022-2023);IT Intern at startup (2021-2022),AWS;Azure;Terraform;CI/CD;Healthcare,AWS;Azure;Terraform;CI/CD;Healthcare,,,,False,False,DevOps World 2025,DevOps & Platform Engineering,2025-04-10,Conference - Badge Scan,2025-04-10,2025-04-10,,active
HS059,David Petersen,d.petersen@warnermedia.com,Warner Media,Senior SRE,linkedin.com/in/david-petersen-sre,Warner Media,Senior SRE,Atlanta US,7,Broadcast Media,ESPN;Turner Sports,SRE at Turner Sports (2019-2022);Platform Engineer at ESPN (2017-2019),Python;Kubernetes;AWS;Monitoring;Sports Broadcast;Reliability,Python;Kubernetes;AWS;Monitoring;Broadcast tech;Reliability,Sports Broadcast -> Broadcast tech,Reliability engineering for Turner Sports broadcast,reliability;engineering;turner;sports;Sports domain knowledge;broadcast,True,False,DevOps World 2025,DevOps & Platform Engineering,2025-04-11,Conference - Badge Scan,2025-04-11,2025-04-11,,active
HS060,Hana Blum,h.blum@agtech.de,AgTech Berlin,DevOps Engineer,linkedin.com/in/hana-blum-agtech,AgTech Berlin,DevOps Engineer,Berlin DE,3,Agriculture Technology,Bayer Digital;startup,Junior DevOps at Bayer Digital (2022-2023);Intern at startup (2021-2022),Kubernetes;Terraform;CI/CD;AWS;Agriculture Tech,Kubernetes;Terraform;CI/CD;AWS;Agriculture Tech,,,,False,False,DevOps World 2025,DevOps & Platform Engineering,2025-04-11,Conference - Badge Scan,2025-04-11,2025-04-11,,active
HS061,Stefano Conti,s.conti@sky-italia.com,Sky Italia,Platform Architect,linkedin.com/in/stefano-conti-sky,Sky Italia,Platform Architect,Milan IT,10,Sports Broadcasting,RAI;TIM,Platform Architect at Sky Italia (2018-present);Senior Engineer at RAI (2014-2018),AWS;Kubernetes;CDN;Terraform;Live Sports Streaming;Architecture,AWS;Kubernetes;CDN;Terraform;Video streaming;Architecture,Live Sports Streaming -> Video streaming,Multi-region streaming infrastructure at Sky,multi;region;streaming;infrastructure;sky,True,False,DevOps World 2025,DevOps & Platform Engineering,2025-04-11,Conference - Badge Scan,2025-04-11,2025-04-11,,active
HS062,Jerome Blanc,j.blanc@canal-plus.com,Canal+,Senior Infrastructure Engineer,linkedin.com/in/jerome-blanc-canal,Canal+,Senior Infrastructure Engineer,Paris FR,8,Sports Broadcasting,Orange;startup,Infrastructure Engineer at Canal+ (2019-present);Senior SRE at Orange (2016-2019),AWS;Kubernetes;CDN;Terraform;Live Sport;Streaming,AWS;Kubernetes;CDN;Terraform;Sports domain knowledge;Streaming,Live Sport -> Sports domain knowledge,Live event delivery platform for Ligue 1,live;event;delivery;platform;ligue,True,False,DevOps World 2025,DevOps & Platform Engineering,2025-04-11,Conference - Badge Scan,2025-04-11,2025-04-11,,active
HS063,Amara Diallo,a.diallo@telecoms.sn,TelecomSN,Network Engineer,linkedin.com/in/amara-diallo-telecom,TelecomSN,Network Engineer,Dakar SN,4,Telecommunications,Sonatel;startup,Network Engineer at Sonatel (2021-2023);Intern at startup (2020-2021),Cisco;MPLS;LTE;Network Design,Cisco;MPLS;LTE;Network Design,,,,False,False,DevOps World 2025,DevOps & Platform Engineering,2025-04-11,Conference - Badge Scan,2025-04-11,2025-04-11,,active
HS064,Pilar Reyes,p.reyes@ott-latam.com,OTT Latam,Video Streaming Engineer,linkedin.com/in/pilar-reyes-ott,OTT Latam,Video Streaming Engineer,Buenos Aires AR,6,OTT/Sports Broadcasting,Claro Video;startup,Video Engineer at Claro Video (2020-2022);Backend Dev at startup (2018-2020),Python;FFmpeg;HLS;AWS;Live Streaming;Video Encoding;Sports,Python;FFmpeg;Video streaming;AWS;Video streaming;FFmpeg;Sports domain knowledge,HLS -> Video streaming;Live Streaming -> Video streaming;Video Encoding -> FFmpeg;Sports -> Sports domain knowledge,Live sports streaming for Latin American broadcasters,live;sports;Sports domain knowledge;streaming;latin;american;broadcasters,True,False,Broadcast & Streaming Technology Expo,Broadcast & Video Technology,2025-02-06,Conference - Badge Scan,2025-02-06,2025-02-06,,active
HS065,Sven Hartmann,s.hartmann@arri.com,ARRI,Camera Systems Engineer,linkedin.com/in/sven-hartmann-arri,ARRI,Camera Systems Engineer,Munich DE,8,Broadcast Equipment,Sony Professional;startup,Senior Systems Engineer at Sony Professional (2018-2022);Engineer at startup (2016-2018),Camera Systems;Hardware;Broadcast Equipment;Sports Production,Camera Systems;Hardware;Broadcast tech;Broadcast tech,Broadcast Equipment -> Broadcast tech;Sports Production -> Broadcast tech,,,False,False,Broadcast & Streaming Technology Expo,Broadcast & Video Technology,2025-02-06,Conference - Badge Scan,2025-02-06,2025-02-06,,active
HS066,Nia Campbell,n.campbell@bbc-sport.co.uk,BBC Sport,Senior Video Engineer,linkedin.com/in/nia-campbell-bbc,BBC Sport,Senior Video Engineer,London UK,7,Broadcast Media,Channel 4;ITV,Senior Video Engineer at Channel 4 (2020-2022);Video Engineer at ITV (2018-2020),Python;FFmpeg;Video Processing;AWS;Live Sports;Highlight Clipping,Python;FFmpeg;FFmpeg;AWS;Sports domain knowledge;FFmpeg,Video Processing -> FFmpeg;Live Sports -> Sports domain knowledge;Highlight Clipping -> FFmpeg,Real-time highlight clipping pipeline at BBC,real;time;highlight;clipping;pipeline;bbc,True,False,Broadcast & Streaming Technology Expo,Broadcast & Video Technology,2025-02-06,Conference - Badge Scan,2025-02-06,2025-02-06,,active
HS067,Javier Morales,j.morales@teledeporte.es,TeleDeporte,Broadcast Engineer,linkedin.com/in/javier-morales-tv,TeleDeporte,Broadcast Engineer,Madrid ES,5,Broadcasting,RTVE;startup,Broadcast Engineer at RTVE (2021-2023);Tech Intern at startup (2019-2021),Broadcast Systems;EVS;Video Encoding;Sports Production,Broadcast tech;EVS;FFmpeg;Broadcast tech,Broadcast Systems -> Broadcast tech;Video Encoding -> FFmpeg;Sports Production -> Broadcast tech,,,False,False,Broadcast & Streaming Technology Expo,Broadcast & Video Technology,2025-02-06,Conference - Badge Scan,2025-02-06,2025-02-06,,active
HS068,Chiara Russo,c.russo@mediaset.it,Mediaset,Senior ML Engineer - Video,linkedin.com/in/chiara-russo-video,Mediaset,Senior ML Engineer - Video,Milan IT,7,Broadcast Media,Sky Italia;RAI,ML Engineer at Sky Italia (2020-2022);Computer Vision Researcher at RAI (2018-2020),Python;PyTorch;Computer Vision;Video Captioning;Sports Highlights;AWS,Python;PyTorch;Computer Vision;Video Captioning;Sports domain knowledge;AWS,Sports Highlights -> Sports domain knowledge,Automated sports clipping and captioning,automated;sports;Sports domain knowledge;clipping;captioning,True,False,Broadcast & Streaming Technology Expo,Broadcast & Video Technology,2025-02-06,Conference - Badge Scan,2025-02-06,2025-02-06,,active
HS069,Lars Andersen,l.andersen@ericsson.com,Ericsson,Solutions Architect - Broadcast,linkedin.com/in/lars-andersen-ericsson,Ericsson,Solutions Architect - Broadcast,Stockholm SE,11,Broadcast Technology,Telia;Nokia,Solutions Architect at Ericsson (2018-present);Senior Network Architect at Telia (2014-2018),5G Broadcast;AWS;CDN;Live Sports;Architecture;Streaming,5G Broadcast;AWS;CDN;Sports domain knowledge;Architecture;Streaming,Live Sports -> Sports domain knowledge,5G broadcast for live sports events,5g;broadcast;live;sports;Sports domain knowledge;events,True,False,Broadcast & Streaming Technology Expo,Broadcast & Video Technology,2025-02-07,Conference - Badge Scan,2025-02-07,2025-02-07,,active
HS070,Yael Ben-David,y.bendavid@akamai.com,Akamai Technologies,Media Delivery Engineer,linkedin.com/in/yael-bendavid-akamai,Akamai Technologies,Media Delivery Engineer,Tel Aviv IL,5,Cloud/CDN,Cloudflare;IDF tech unit,Media Delivery Engineer at Cloudflare (2021-2022);Network Engineer at IDF (2018-2021),CDN;AWS;Live Streaming;Sports;Python;Performance,CDN;AWS;Video streaming;Sports domain knowledge;Python;Performance,Live Streaming -> Video streaming;Sports -> Sports domain knowledge,CDN optimization for live sports at Akamai,cdn;optimization;live;sports;Sports domain knowledge;akamai,True,False,Broadcast & Streaming Technology Expo,Broadcast & Video Technology,2025-02-07,Conference - Badge Scan,2025-02-07,2025-02-07,,active
HS071,Patrick Duval,p.duval@textileindustry.fr,TextileInd,IT Engineer,linkedin.com/in/patrick-duval-textile,TextileInd,IT Engineer,Lyon FR,6,Textile Manufacturing,factory group;startup,IT Manager at factory group (2020-2023);IT Support at startup (2018-2020),IT Support;Windows Server;SQL;ERP,IT Support;Windows Server;SQL;ERP,,,,False,False,Broadcast & Streaming Technology Expo,Broadcast & Video Technology,2025-02-07,Conference - Badge Scan,2025-02-07,2025-02-07,,active
HS072,Marta Kowalska,m.kowalska@imgmedia.com,IMG Media,Video Systems Engineer,linkedin.com/in/marta-kowalska-img,IMG Media,Video Systems Engineer,Warsaw PL,6,Sports Media,TVN;startup,Video Engineer at TVN (2020-2022);Junior Developer at startup (2018-2020),Python;FFmpeg;HLS;DASH;Multi-camera;Sports Rights,Python;FFmpeg;Video streaming;Video streaming;Multi-camera;Sports domain knowledge,HLS -> Video streaming;DASH -> Video streaming;Sports Rights -> Sports domain knowledge,Multi-camera production pipelines for sports rights,multi;camera;production;pipelines;sports;Sports domain knowledge;rights,True,False,Broadcast & Streaming Technology Expo,Broadcast & Video Technology,2025-02-07,Conference - Badge Scan,2025-02-07,2025-02-07,,active
HS073,Felix Obi,f.obi@healthstream.ng,HealthStream,Software Engineer,linkedin.com/in/felix-obi-health,HealthStream,Software Engineer,Lagos NG,3,Healthcare Technology,fintech startup;freelance,Junior Dev at fintech startup (2022-2023);Freelance (2020-2022),JavaScript;React;Node.js;Healthcare,JavaScript;React;Node.js;Healthcare,,,,False,False,Broadcast & Streaming Technology Expo,Broadcast & Video Technology,2025-02-07,Conference - Badge Scan,2025-02-07,2025-02-07,,active
HS074,Claudia Vogel,c.vogel@eurosport.de,Eurosport Germany,Product Manager - Streaming,linkedin.com/in/claudia-vogel-eurosport,Eurosport Germany,Product Manager - Streaming,Berlin DE,8,Sports Broadcasting,Sky Deutschland;startup,Senior PM at Sky Deutschland (2019-2022);Product Manager at startup (2016-2019),Product Management;OTT;Sports Rights;B2C Streaming;Analytics,Product Management;OTT platforms;Sports domain knowledge;Video streaming;Analytics,OTT -> OTT platforms;Sports Rights -> Sports domain knowledge;B2C Streaming -> Video streaming,OTT product for sports rights across 12 markets,ott;OTT platforms;product;sports;Sports domain knowledge;rights;markets,True,False,Broadcast & Streaming Technology Expo,Broadcast & Video Technology,2025-02-07,Conference - Badge Scan,2025-02-07,2025-02-07,,active
HS075,David Strauss,d.strauss@nba.com,NBA,Senior Video Platform Engineer,linkedin.com/in/david-strauss-nba,NBA,Senior Video Platform Engineer,New York US,9,Sports - Professional League,Akamai;ESPN,Senior Engineer at Akamai Media (2017-2021);Video Engineer at ESPN (2015-2017),Python;AWS;Video Streaming;HLS;CDN;Kubernetes;Sports,Python;AWS;Video streaming;Video streaming;CDN;Kubernetes;Sports domain knowledge,HLS -> Video streaming;Sports -> Sports domain knowledge,League Pass streaming infrastructure globally,league;pass;streaming;infrastructure;globally,True,False,Broadcast & Streaming Technology Expo,Broadcast & Video Technology,2025-02-07,Conference - Badge Scan,2025-02-07,2025-02-07,,active
